{"cameraMode":{"drawMode":0,"name":"Shaded","section":"Shading Mode"},"sceneLighting":true,"audioPlay":false,"sceneViewState":{"showFog":true,"showMaterialUpdate":false,"showSkybox":true,"showFlares":true,"showImageEffects":true,"showParticleSystems":true,"showVisualEffectGraphs":true,"m_FxEnabled":true},"in2DMode":false,"pivot":{"x":-1.7536258697509766,"y":-4.040247440338135,"z":9.636795043945313},"rotation":{"x":0.1984718292951584,"y":-0.008824941702187062,"z":0.0017866212874650956,"w":0.9800429940223694},"size":10.178221702575684,"orthographic":false}